{"cameraMode":{"drawMode":0,"name":"Shaded","section":"Shading Mode"},"sceneLighting":true,"audioPlay":false,"sceneViewState":{"showFog":true,"showMaterialUpdate":false,"showSkybox":true,"showFlares":true,"showImageEffects":true,"showParticleSystems":true},"in2DMode":false,"pivot":{"x":3.1212127208709719,"y":5.348489284515381,"z":-4.435300827026367},"rotation":{"x":-0.03323567286133766,"y":-0.06382347643375397,"z":0.0021270723082125189,"w":-0.9974053502082825},"size":19.80439567565918,"orthographic":false}