{"cameraMode":{"drawMode":0,"name":"Shaded","section":"Shading Mode"},"sceneLighting":false,"audioPlay":false,"sceneViewState":{"m_AlwaysRefresh":false,"showFog":false,"showSkybox":false,"showFlares":false,"showImageEffects":false,"showParticleSystems":false,"showVisualEffectGraphs":true,"m_FxEnabled":true},"in2DMode":false,"pivot":{"x":-0.00015735626220703125,"y":0.4775715470314026,"z":0.38000571727752688},"rotation":{"x":-0.20581170916557313,"y":-0.01262606680393219,"z":0.0026552891358733179,"w":-0.978510856628418},"size":1.2651677131652833,"orthographic":false}